I-10,581,Interstate 10/Length,2,460 mi
I-95,440,Interstate 95/Length,1,924 mi
I-75,407,Interstate 75 in Ohio/Length,211.6 mi
US-1,370,U.S. Route 1/Length,2,369 mi
I-40,341,Interstate 40/Length,2,555 mi
I-5,299,Interstate 5 in California/Length,796.8 mi
I-20,291,Interstate 20/Length,1,539 mi
I-80,287,Interstate 80/Length,2,900 mi
I-70,260,Interstate 70/Length,2,151 mi
I-35,250,Interstate 35/Length,1,569 mi
US-17,224,U.S. Route 17/Length,1,206 mi
I-15,212,Interstate 15/Length,1,434 mi
US-101,194,US Route 101/Length,1,540 mi
US-60,192,U.S. Route 60/Length,2,670 mi
US-50,185,U.S. Route 50/Length,3,017 mi
US-41,173,U.S. Route 41/Length,2,000 mi
SR-9,173,157.99 km
SR-16,166,Interstate 16/Length,166.8 mi
I-65,163,Interstate 65/Length,887.3 mi
I-85,160,Interstate 85/Length,666 mi
US-19,158,U.S. Route 19/Length,1,438 mi
SR-20,156,U.S. Route 20/Length,3,365 mi
SR-99,153,Washington State Route 99/Length,49.13 mi
US-90,150,U.S. Route 90/Length,1,633 mi
SR-1,150,California State Route 1/Length,655.8 mi
US-27,145,U.S. Route 27/Length,1,373 mi
I-25,142,Interstate 25/Length,1,063 mi
SR-3,142,362.341 km
I-55,136,Interstate 55/Length,964.2 mi
SR-4,135,197 mi
SR-7,133,112.760 km
SR-11,130,Georgia State Route 11/Length,376 mi
I-94,129,Interstate 94/Length,1,585 mi
SR-60,129,259.645 km
SR-2,129,127.127 km
I-64,128,Interstate 64/Length,953.7 mi
SR-14,126,California State Route 14/Length,116.6 mi
SR-21,123,Utah State Route 21/Length,107.6 mi
SR-13,122,48.9 mi
I-90,121,Interstate 90/Length,3,020 mi
US-301,120,U.S. Route 301/Length,1,099 mi
SR-33,117,California State Route 33/Length,289.7 mi
SR-5,117,863.774 km
SR-15,115,Interstate 15/Length,1,434 mi
I-84,112,Interstate 84/Length,769.6 mi
SR-28,111,California State Route 28/Length,10.94 mi
SR-6,107,
US-98,106,U.S. Route 98/Length,964 mi
US-70,106,U.S. Route 70/Length,2,385 mi
SR-49,104,246.33 km
SR-19,103,26.2 mi
SR-70,102,Tennessee State Route 70/Length,63.34 mi
SR-55,100,California State Route 55/Length,17.81 mi
SR-24,100,Utah State Route 24/Length,163.3 mi
US-6,99,U.S. Route 6/Length,3,199 mi
SR-18,99,California State Route 18/Length,117.2 mi
SR-32,96,294.04 km
SR-30,96,369.8 km
SR-27,95,U.S. Route 27/Length,1,373 mi
I-44,95,Interstate 44/Length,633.8 mi
US-61,94,U.S. Route 61/Length,1,407 mi
SR-17,93,California State Route 17/Length,26.49 mi
US-64,93,U.S. Route 64/Length,2,326 mi
US-59,92,
SR-22,92,
SR-29,92,
US-20,92,
US-62,91,
US-52,91,,2,072 mi
US-40,91,
SR-23,90,
SR-50,88,Florida State Road 50/Length,114.3 mi
SR-12,88,
SR-8,88,
SR-71,87,
US-29,86,
SR-10,86,
SR-37,86,
US-30,84,
SR-44,84,
US-441,84,U.S. Route 441/Length,939 mi
SR-41,84,California State Route 41/Length,185.6 mi
SR-26,82,California State Route 26/Length,62.16 mi
SR-35,82,78.39 km
SR-91,82,California State Route 91/Length,59.05 mi
SR-25,81,
I-45,80,Interstate 45/Length,284.9 mi
SR-39,80,California State Route 39/Length,50.02 mi
I-81,79,Interstate 81/Length,854.9 mi
SR-31,79,268.6 km
SR-36,78,California State Route 36/Length,248.9 mi
MAIN ST,77,
US-12,76,U.S. Route 12/Length,2,484 mi
SR-53,75,California State Route 53/Length,7.45 mi
SR-61,74,Arizona State Route 61/Length,76.51 mi
I-26,73,Interstate 26/Length,349 mi
SR-80,72,Arizona State Route 80/Length,120.2 mi
SR-72,71,California State Route 72/Length,7.204 mi
I-59,71,Interstate 59/Length,445.2 mi
SR-74,71,California State Route 74/Length,111.5 mi
US-281,71,U.S. Route 281/Length,1,872 mi
SR-42,71,Georgia State Route 42/Length,115.3 mi
SR-87,71,Arizona State Route 87/Length,272.7 mi
SR-68,70,113.993 km
I-77,70,Interstate 77/Length,613.4 mi
US-54,69,U.S. Route 54/Length,1,197 mi
SR-92,67,Arizona State Route 92/Length,33.91 mi
US-2,67,U.S. Route 2/Length,2,571 mi
SR-47,67,Indiana State Road 47/Length,64.22 mi
US-69,67,U.S. Route 69/Length,1,136 mi
SR-78,66,California State Route 78/Length,215.4 mi
US-95,66,U.S. Route 95/Length,1,574 mi
SR-57,66,California State Route 57/Length,23.94 mi
US-23,65,U.S. Route 23/Length,1,435 mi
US-75,64,U.S. Route 75/Length,1,239 mi
SR-34,64,California State Route 34/Length,13.37 mi
US-25,64,U.S. Route 25/Length,750 mi
US-77,64,U.S. Route 77/Length,1,305 mi
SR-210,63,Arizona State Route 210/Length,3.96 mi
SR-46,62,California State Route 46/Length,110.7 mi
SR-43,62,
I-4,61,Interstate 4/Length,132.3 mi
SR-58,61,California State Route 58/Length,241 mi
SR-101,60,98 km
US-92,59,U.S. Route 92/Length,177 mi
US-190,59,U.S. Route 190/Length,875 mi
I-71,59,Interstate 71/Length,343.8 mi
SR-64,59,124.541 km
SR-40,59,
US-287,59,U.S. Route 287/Length,1,791 mi
US-45,58,U.S. Route 45/Length,1,297 mi
SR-38,58,Utah State Route 38/Length,18.95 mi
US-93,58,U.S. Route 93/Length,1,457 mi
US-67,58,U.S. Route 67/Length,1,560 mi
SR-73,58,28.588 km
US-84,57,U.S. Route 84/Length,1,919 mi
US-160,57,U.S. Route 160/Length,1,465 mi
I-24,56,Interstate 24/Length,316.4 mi
SR-59,56,U.S. Route 59/Length,1,911 mi
SR-94,56,California State Route 94/Length,63.32 mi
SR-51,56,
SR-66,56,
SR-100,55,Utah State Route 100/Length,16.93 mi
US-83,55,
US-82,55,,1,625 mi
SR-95,54,
SR-52,54,
I-30,54,
SR-96,53,
SR-152,53,California State Route 152/Length,104.4 mi
SR-77,53,253.93
US-24,53,
US-290,53,
SR-111,52,
SR-76,51,California State Route 76/Length,52.32 mi
US-169,51,U.S. Route 169/Length,966 mi
SR-65,51,California State Route 65/Length,94.22 mi
SR-83,51,
US-421,51,
SR-150,51,California State Route 150/Length,36 mi
SR-56,50,Utah State Route 56/Length,61.5 mi
SR-138,50,,105.4 mi
SR-79,50,93.99 km
US-11,50,
US-51,50,
US-58,50,
SR-63,49,
SR-62,49,151.9 miles
SR-A1A,49,
I-295,49,
US-81,49,
SR-54,49,Florida State Road 54/Length,38.38 mi
I-275,48,
US-89,48,
SR-115,48,
SR-75,48,
US-33,47,U.S. Route 33/Length,709 mi
SR-82,47,
SR-97,46,17.56 km
US-87,46,
SR-67,46,
US-63,45,
US-31W,45,
CENTRAL AVE,45,
US-285,45,U.S. Route 285/Length,846 mi
I-8,45,
I-405,44,
US-36,44,
SR-202,44,Arizona State Route 202/Length,57.17 mi
SR-84,44,
US-71,44,
US-76,43,
US-13,43,
US-460,42,
SR-130,42,
US-65,42,
SR-48,42,
US-68,42,
SR-140,42,
US-395,42,
I-17,41,
SR-69,41,
SR-86,41,
US-127,41,
US-15,41,
I-285,39,
SR-155,39,
US-191,39,
I-270,39,
SR-45,39,
SR-120,39,
US-78,39,
SR-108,38,
SR-85,38,Arizona State Route 85/Length,128.9 mi
SR-109,38,Washington State Route 109/Length,40.5 mi
SR-105,38,Interstate 105/Length,18.82 mi
SR-121,38,
US-SR 1,38,California State Route 1/Length,655.8 mi
US-385,38,U.S. Route 385/Length,1,206 mi
US-49,38,,516 mi
US-85,38,
US-80,38,
SR-200,37,,155.8 mi
US-9,37,
SR-104,37,
US-34,36,
US-321,36,
I-76,36,
US-501,36,
US-SR 3,36,
SR-88,36,
US-220,35,
SR-125,35,,5.73 mi
US-31,34,
US-21,34,U.S. Route 21/Length,394 mi
US-183,34,
SR-113,33,
SR-114,33,
I-69,33,
SR-89,33,
US-74,33,
SR-146,32,
US-SR 6,32,
CR-1,32,
I-5 RAMP,32,
SR-107,32,
I-880,32,Interstate 880/Length,45.7 mi
SR-302,32,
US-14,32,
I-49,32,
SR-165,31,Virginia State Route 165/Length,39.75 mi
US-231,31,
I-81 AMERICAN LEGION MEM HWY,31,
US-79,31,U.S. Route 79/Length,855 mi
SR-81,31,
US-278,31,
SR-112,31,
SR-198,31,
I-495,30,
SR-93,30,
US-277,30,U.S. Route 277/Length,633 mi
US-158,30,
I-91,30,
WASHINGTON ST,29,State Highways in Washington
Length 7,000 mi (11,000 km)
Notes Defined by RCW 47.17; maintained by WSDOT
Highway names
Interstates Interstate X (I-X)
7 more rows,https://en.wikipedia.org/wiki/State_highways_in_Washington
SR-170,29,
SR-118,29,California State Route 118/Length,47.6 mi
SR-211,29,
US-22,29,
I-96,29,Interstate 96/Length,192 mi
SR-180,29,California State Route 180/Length,112.3 mi
I-16,28,Interstate 16/Length,166.8 mi
SR-154,28,
US-250,28,
SR-126,28,
SR-119,28,California State Route 119/Length,29.78 mi
I-580,28,Interstate 580/Length,75.55 mi
US-101 (ODOT 9),28,
SR-163,28,
I-74,28,Interstate 74/Length,428.8 mi
SR-520,27,
US-192,27,
BROADWAY,27,
SR-90,27,U.S. Route 90/Length,1,633 mi
US-271,27,U.S. Route 271/Length,297.3 mi
7TH ST,27,
SR-135,27,Virginia State Route 135/Length,2.2 mi
SR-156,27,California State Route 156/Length,25 mi
SR-110,26,31.82 mi
US-360,26,U.S. Route 360/Length,223 mi
SR-171,26,Georgia State Route 171/Length,76.9 mi
US-10,26,U.S. Route 10/Length,565 mi
I-79,26,Interstate 79/Length,343.2 mi
WESTERN AVE,26,
US-401,26,U.S. Route 401/Length,251 mi
US-176,26,U.S. Route 176/Length,238 mi


SR-299,26,305
SR-123,26,16
I-57,26,386
I-680,26,70
US-259,25,250
SR-141,25,28
SR-132,25,76
I-215,25,55
SR-295,25,8
SR-151,25,7
US-550,24,305
US-165,24,412
SR-145,24,67
SR-821,24,25
I-90 W,24,3020
SR-124,24,69
I-90 E,24,3020
SR-582 BOULDER HWY,24,16
I-29,24,750
US-26,23,1485
US-18,23,1043
I-37,23,143
SR-291,23,33
SR-98,23,67
US-SR 8,23,178
I-45 GULF FWY,23,284
I-240,23,19.27
US-119,23,585
US-701,23,171
SR-826,23,30
I-10 RAMP,23,2460
US-97 (ODOT 4),23,663
US-31E,22,191
SR-166,22,96
I-605,22,27
SR-204,22,7
US-75 CENTRAL EXPY,22,
I-93,22,190
SR-122,22,98
US-27 / SR-1,22,750
SR-134,22,78.7
I-280,22,57
SR-183,22,14
US-221,22,734
SR-133,22,14
SR-193,21,10
SR-309,21,5
SR-195,21,22.08 mi
US-131,21,U.S. Route 131/Length,270 mi
I-87,21,Interstate 87/Length,333.5 mi
US-SR 2,21,
SR-173,21,California State Route 173/Length,24.94 mi
SR- 37,21,Virginia State Route 37/Length,9.104 mi
I-635 LBJ FWY,21,Interstate 635/Length,37 mi
SR-528,21,Florida State Road 528/Length,53.5 mi
I-78,21,Interstate 78 in Pennsylvania/Length,75.23 mi
CR-7,21,
SR-162,21,27.95 km
US-412,21,U.S. Route 412/Length,1,130 mi
INDIAN SCHOOL RD,21,
US- 20,21,U.S. Route 20/Length,3,365 mi
SR-136,21,
US-601,21,U.S. Route 601/Length,316.3 mi
I-45 NORTH FWY,21,Interstate 45/Length,284.9 mi
CR-5,21,
CR-21,21,
SR-247,21,California State Route 247/Length,78.08 mi
US-180,20,U.S. Route 180/Length,1,092 mi
SR-3 GRATIOT AVE,20,
SR-436,20,Florida State Road 436/Length,25.53 mi
SR-201,20,Utah State Route 201/Length,18.1 mi
US-177,20,U.S. Route 177/Length,233 mi
SR-99 (ODOT 91),20,
CR-3,20,
US-35,20,U.S. Route 35/Length,417.7 mi
SR-127,20,
SR-157,20,Indiana State Road 157/Length,26.84 mi
US-377,20,U.S. Route 377/Length,478 mi
SR-704,20,Washington State Route 704/Length,3,326′
SR-161,20,Ohio State Route 161/Length,57.8 mi
SR-817,20,Florida State Road 817/Length,25.69 mi
SR-143,19,Arizona State Route 143/Length,3.93 mi
CR-A,19,
MAIN STREET,19,
SR-B,19,
US-202,19,U.S. Route 202/Length,629.6 mi
US-SR 53,19,555.686 km
US-1 ROOSEVELT BLVD,19,
43RD AVE,19,
US-130,19,U.S. Route 130/Length,83.46 mi
SR-251,18,Virginia State Route 251/Length,9.95 mi
CR-2,18,
SR-167,18,
SR-169,18,
US-212,18,,949 mi
US-30 LINCOLN HWY,18,
SR-116,18,California State Route 116/Length,46.5 mi
I-210,18,,86 mi
SR-225,18,
CR-4,18,
US-380,18,
US-181,18,
16TH ST,18,
SR-149,18,
RIVER RD,18,Great River Road/Length,2,069 mi
I-495 S,18,
CR-6,18,
SR-177,18,
SR-191,18,
CR-19,18,Barryville to Claryville (11–19)
Route Length (mi) Via
CR 15 3.59 Liberty Road in Liberty
CR 16 3.92 Neversink Road
CR 17 2.30 Neversink Road in Neversink
CR 19 5.28 Claryville Road in Neversink
5 more rows,https://en.wikipedia.org/wiki/List_of_county_routes_in_Sullivan_County,_New_York
SR-178,18,
I-82,18,
US-7,18,
US-264,17,
US-SR 13,17,
BROADWAY RD,17,
SR-137,17,California State Route 137/Length,29 mi
SR-347,17,Arizona State Route 347/Length,28.69 mi
SR-273,17,Arizona State Route 273/Length,19.26 mi
SR-139,17,48.0 km
US-42,17,U.S. Route 42/Length,355 mi
SR-103,17,California State Route 103/Length,1.6 mi
US-224,17,U.S. Route 224/Length,288.2 mi
CR-20,17,
WASHINGTON AVE,17,Washington Street/Length,20.5 mi
I-435,17,Interstate 435/Length,83.02 mi
NORTHERN AVE,17,
US-150,17,U.S. Route 150/Length,571 mi
RIVERSIDE DR,17,
